epoch,loss,val_loss
0,314.5718199287365,239.4943612797469
1,211.6998998438351,208.564207437401
