epoch,loss,val_loss
0,320.87317642315554,227.38783355572258
1,199.7735127712173,198.86129064603884
